{"cameraMode":{"drawMode":0,"name":"Shaded","section":"Shading Mode"},"sceneLighting":false,"audioPlay":false,"sceneViewState":{"showFog":true,"showMaterialUpdate":false,"showSkybox":true,"showFlares":true,"showImageEffects":true,"showParticleSystems":true},"in2DMode":false,"pivot":{"x":-1.5000004768371583,"y":0.0000014463439583778382,"z":1.5000009536743165},"rotation":{"x":0.4606373906135559,"y":0.13435156643390656,"z":-0.07076816260814667,"w":0.8745025396347046},"size":7.0004425048828129,"orthographic":false}