{"cameraMode":{"drawMode":0,"name":"Shaded","section":"Shading Mode"},"sceneLighting":false,"audioPlay":false,"sceneViewState":{"showFog":true,"showMaterialUpdate":false,"showSkybox":true,"showFlares":true,"showImageEffects":true,"showParticleSystems":true},"in2DMode":false,"pivot":{"x":-2.108199119567871,"y":1.3977159261703492,"z":2.5852372646331789},"rotation":{"x":0.07783083617687226,"y":0.47763457894325259,"z":-0.04253042861819267,"w":0.8740702271461487},"size":8.670435905456543,"orthographic":false}