{"cameraMode":{"drawMode":0,"name":"Shaded","section":"Shading Mode"},"sceneLighting":true,"audioPlay":false,"sceneViewState":{"showFog":true,"showMaterialUpdate":false,"showSkybox":true,"showFlares":true,"showImageEffects":true,"showParticleSystems":true},"in2DMode":false,"pivot":{"x":3.7135467529296877,"y":-0.588420569896698,"z":0.25304079055786135},"rotation":{"x":-0.011458818800747395,"y":-0.7320443391799927,"z":0.01231667771935463,"w":-0.6810492873191834},"size":6.335140228271484,"orthographic":false}