{"cameraMode":{"drawMode":0,"name":"Shaded","section":"Shading Mode"},"sceneLighting":true,"audioPlay":false,"sceneViewState":{"showFog":true,"showMaterialUpdate":true,"showSkybox":true,"showFlares":true,"showImageEffects":true,"showParticleSystems":true},"in2DMode":false,"pivot":{"x":-48.522308349609378,"y":44.7700080871582,"z":-41.97636795043945},"rotation":{"x":-0.28267380595207217,"y":-0.2149125039577484,"z":0.06514360010623932,"w":-0.9325580596923828},"size":39.701515197753909,"orthographic":false}