{"cameraMode":{"drawMode":0,"name":"Shaded","section":"Shading Mode"},"sceneLighting":false,"audioPlay":false,"sceneViewState":{"showFog":true,"showMaterialUpdate":false,"showSkybox":true,"showFlares":true,"showImageEffects":true,"showParticleSystems":true},"in2DMode":false,"pivot":{"x":-2.0360450744628908,"y":3.3004150390625,"z":-2.141880750656128},"rotation":{"x":-0.12482810020446778,"y":0.7883803248405457,"z":-0.17031490802764893,"w":-0.5778124332427979},"size":9.33713436126709,"orthographic":false}