{"cameraMode":{"drawMode":0,"name":"Shaded","section":"Shading Mode"},"sceneLighting":false,"audioPlay":false,"sceneViewState":{"showFog":true,"showMaterialUpdate":false,"showSkybox":true,"showFlares":true,"showImageEffects":true,"showParticleSystems":true},"in2DMode":false,"pivot":{"x":-0.03544975072145462,"y":-1.9776808023452759,"z":0.9509908556938171},"rotation":{"x":-0.4585839509963989,"y":0.07521533221006394,"z":-0.03898987919092178,"w":-0.8846034407615662},"size":8.517062187194825,"orthographic":false}