{"cameraMode":{"drawMode":0,"name":"Shaded","section":"Shading Mode"},"sceneLighting":false,"audioPlay":false,"sceneViewState":{"showFog":true,"showMaterialUpdate":false,"showSkybox":true,"showFlares":true,"showImageEffects":true,"showParticleSystems":true},"in2DMode":false,"pivot":{"x":695.3115234375,"y":289.59130859375,"z":374.71478271484377},"rotation":{"x":0.18468312919139863,"y":0.07632260769605637,"z":-0.014386997558176518,"w":0.9797244668006897},"size":1414.375,"orthographic":false}