{"cameraMode":{"drawMode":0,"name":"Shaded","section":"Shading Mode"},"sceneLighting":true,"audioPlay":false,"sceneViewState":{"showFog":true,"showMaterialUpdate":false,"showSkybox":true,"showFlares":true,"showImageEffects":true,"showParticleSystems":true},"in2DMode":false,"pivot":{"x":1.437063455581665,"y":0.9273958802223206,"z":-0.25192487239837649},"rotation":{"x":-0.17277996242046357,"y":0.4892931282520294,"z":-0.09957148134708405,"w":-0.8490140438079834},"size":98.13420867919922,"orthographic":false}