{"cameraMode":{"drawMode":0,"name":"Shaded","section":"Shading Mode"},"sceneLighting":false,"audioPlay":false,"sceneViewState":{"showFog":true,"showMaterialUpdate":false,"showSkybox":true,"showFlares":true,"showImageEffects":true,"showParticleSystems":true},"in2DMode":false,"pivot":{"x":403.5343322753906,"y":301.1234130859375,"z":228.55624389648438},"rotation":{"x":0.16353163123130799,"y":-0.35727646946907046,"z":0.06368967890739441,"w":0.9173628687858582},"size":1356.6361083984375,"orthographic":false}