{"cameraMode":{"drawMode":0,"name":"Shaded","section":"Shading Mode"},"sceneLighting":false,"audioPlay":false,"sceneViewState":{"showFog":true,"showMaterialUpdate":false,"showSkybox":true,"showFlares":true,"showImageEffects":true,"showParticleSystems":true},"in2DMode":false,"pivot":{"x":-11.006889343261719,"y":1.5623271465301514,"z":-3.128180503845215},"rotation":{"x":-0.0011146945180371404,"y":0.9984349608421326,"z":-0.021579476073384286,"w":-0.051582179963588718},"size":8.093838691711426,"orthographic":false}