{"cameraMode":{"drawMode":0,"name":"Shaded","section":"Shading Mode"},"sceneLighting":true,"audioPlay":false,"sceneViewState":{"showFog":true,"showMaterialUpdate":false,"showSkybox":true,"showFlares":true,"showImageEffects":true,"showParticleSystems":true},"in2DMode":false,"pivot":{"x":38.35402297973633,"y":4.68690299987793,"z":-26.271718978881837},"rotation":{"x":0.0045972117222845558,"y":-0.8920518755912781,"z":-0.009075533598661423,"w":-0.451818585395813},"size":85.73651885986328,"orthographic":false}