{"cameraMode":{"drawMode":0,"name":"Shaded","section":"Shading Mode"},"sceneLighting":false,"audioPlay":false,"sceneViewState":{"showFog":true,"showMaterialUpdate":false,"showSkybox":true,"showFlares":true,"showImageEffects":true,"showParticleSystems":true},"in2DMode":false,"pivot":{"x":982.4105224609375,"y":70.29703521728516,"z":430.8269958496094},"rotation":{"x":-0.22733592987060548,"y":-0.1976732760667801,"z":0.04718521237373352,"w":-0.9523745179176331},"size":1857.9534912109375,"orthographic":false}