{"cameraMode":{"drawMode":0,"name":"Shaded","section":"Shading Mode"},"sceneLighting":false,"audioPlay":false,"sceneViewState":{"showFog":true,"showMaterialUpdate":false,"showSkybox":true,"showFlares":true,"showImageEffects":true,"showParticleSystems":true},"in2DMode":false,"pivot":{"x":1.156174898147583,"y":0.1329329013824463,"z":1.3857011795043946},"rotation":{"x":0.1014186218380928,"y":0.04777331277728081,"z":-0.004875473212450743,"w":0.9936841726303101},"size":8.7080717086792,"orthographic":false}