{"cameraMode":{"drawMode":0,"name":"Shaded","section":"Shading Mode"},"sceneLighting":false,"audioPlay":false,"sceneViewState":{"showFog":true,"showMaterialUpdate":false,"showSkybox":true,"showFlares":true,"showImageEffects":true,"showParticleSystems":true},"in2DMode":false,"pivot":{"x":-1.7630316019058228,"y":3.0028135776519777,"z":2.726203203201294},"rotation":{"x":0.22761277854442597,"y":-0.07960779219865799,"z":0.018674585968255998,"w":0.9703125357627869},"size":7.0004425048828129,"orthographic":false}